No.,이름,성별,나이,전화번호,방문횟수,ID,PW(X)
1,김태민,1,23,010-1231-3321,,,
2,이영희,2,28,010-9876-5432,3,,
3,홍길동,1,35,010-4567-8901,2,,
4,박지성,1,29,010-2345-6789,,,
5,최민수,1,31,010-1111-2222,1,,
6,김영철,1,25,010-3333-4444,5,,
7,이지은,2,27,010-5555-6666,,,
8,박종호,1,30,010-7777-8888,2,,
9,정영진,1,34,010-9999-0000,,,
10,김지현,2,26,010-1212-3434,4,,
11,박상철,1,29,010-2323-5656,2,,
12,최정호,1,32,010-3434-6767,,,
13,이순신,1,27,010-4545-7878,1,,
14,한영희,2,33,010-5656-8989,3,,
15,장민영,2,28,010-6767-0101,,,
16,김영수,1,30,010-7878-1212,2,,
17,황지은,2,29,010-8989-2323,4,,
18,박진영,1,32,010-0101-3434,,,
19,정지우,1,27,010-1212-4545,1,,
20,김태희,2,31,010-2323-5656,5,,
21,이지현,2,28,010-3434-6767,,,
22,박수지,2,30,010-4545-7878,2,,
23,정현우,1,33,010-5656-8989,,,
24,김민지,2,29,010-6767-0101,3,,
25,한승우,1,31,010-7878-1212,,,
26,장지민,1,26,010-8989-2323,1,,
27,황성민,1,32,010-0101-3434,,,
28,최은주,2,27,010-1212-4545,2,,
29,김정우,1,30,010-2323-5656,4,,
30,이재은,2,28,010-3434-6767,,,
31,박민준,1,33,010-4545-7878,2,,
32,정현우,1,29,010-5656-8989,1,,
33,홍승현,1,31,010-6767-0101,,,
34,김수현,1,26,010-7878-1212,3,,
35,이다빈,2,30,010-8989-2323,2,,
36,최서윤,2,28,010-0101-3434,,,
37,한시우,1,32,010-1212-4545,4,,
38,장지훈,1,27,010-2323-5656,1,,
39,황서준,1,30,010-3434-6767,,,
40,최민서,2,29,010-4545-7878,2,,
41,이준우,1,33,010-5656-8989,,,
42,김시현,2,31,010-6767-0101,5,,
43,박지우,1,27,010-7878-1212,2,,
44,정서윤,2,32,010-8989-2323,3,,
45,홍주원,1,28,010-0101-3434,,,
46,한수민,1,30,010-1212-4545,1,,
47,장준서,1,29,010-2323-5656,,,
48,김주원,2,31,010-3434-6767,2,,
49,이유진,2,26,010-4545-7878,4,,
50,박서연,2,30,010-5656-8989,,,
51,정윤서,2,27,010-6767-0101,3,,
52,황수아,2,32,010-7878-1212,2,,
53,한유진,2,28,010-8989-2323,,,
54,장지우,1,31,010-0101-3434,1,,
55,김서아,2,29,010-1212-4545,5,,
56,이서준,1,33,010-2323-5656,,,
57,박준서,1,30,010-3434-6767,2,,
58,정지우,1,28,010-4545-7878,,,
59,황준우,1,32,010-5656-8989,3,,
60,한서윤,2,27,010-6767-0101,1,,
61,장서윤,2,31,010-7878-1212,2,,
62,김준우,1,29,010-8989-2323,,,
63,이다현,2,30,010-0101-3434,4,,
64,박민지,2,26,010-1212-4545,2,,
65,정은우,2,32,010-2323-5656,,,
66,황준서,1,28,010-3434-6767,3,,
67,한서연,2,31,010-4545-7878,,,
68,장민서,1,27,010-5656-8989,,,
69,김서준,1,33,010-6767-0101,1,,
70,이다윤,2,29,010-7878-1212,2,,
71,박다은,2,30,010-8989-2323,5,,
72,정민서,2,28,010-0101-3434,1,,
73,황하은,2,32,010-1212-4545,,,
74,한서준,1,26,010-2323-5656,4,,
75,장지민,1,31,010-3434-6767,2,,
76,김민서,1,27,010-4545-7878,,,
77,이시우,2,30,010-5656-8989,1,,
78,박준서,2,29,010-6767-0101,,,
79,정서연,2,33,010-7878-1212,3,,
80,황다은,2,28,010-8989-2323,2,,
81,한지우,1,31,010-0101-3434,,,
82,장은서,2,27,010-1212-4545,4,,
83,김지우,1,32,010-2323-5656,1,,
84,이서윤,2,29,010-3434-6767,2,,
85,박서연,2,30,010-4545-7878,5,,
86,정준서,1,26,010-5656-8989,,,
87,황은서,1,31,010-6767-0101,3,,
88,한윤서,1,28,010-7878-1212,2,,
89,장준우,2,32,010-8989-2323,1,,
90,김서준,1,27,010-0101-3434,,,
91,이서연,2,30,010-1212-4545,4,,
92,박서아,2,29,010-2323-5656,,,
93,정하은,2,33,010-3434-6767,2,,
94,황하윤,1,28,010-4545-7878,,,
95,한민서,1,32,010-5656-8989,5,,
96,장은우,1,26,010-6767-0101,,,
97,김서아,2,31,010-7878-1212,1,,
98,이은우,1,27,010-8989-2323,3,,
99,박가윤,2,30,010-0101-3434,2,,
100,정다현,2,29,010-1212-4545,,,
